Hostname,URL,Score,Tier,Dark Patterns,CAI Score,GDPR Mapping,DPDP Mapping
"www.bbc.com","https://www.bbc.com/",0,"Non-Compliant","NO_BANNER","N/A","Art. 13","Section 5"
"www.nytimes.com","https://www.nytimes.com/",90,"Compliant","DP-VM","0.00","Art. 4(11), 7","Section 6"
"www.instagram.com","https://www.instagram.com/",90,"Compliant","DP-VM","0.00","Art. 4(11), 7","Section 6"
"x.com","https://x.com/",0,"Non-Compliant","NO_BANNER","N/A","Art. 13","Section 5"
"www.linkedin.com","https://www.linkedin.com/",100,"Compliant","","0.00","",""
"www.reddit.com","https://www.reddit.com/?rdt=42018",100,"Compliant","","0.00","",""
"www.netflix.com","https://www.netflix.com/no-en/",90,"Compliant","DP-VM","0.00","Art. 4(11), 7","Section 6"
"www.microsoft.com","https://www.microsoft.com/nb-no",75,"Compliant","DP-FA","N/A","Art. 7(3)","Section 6, 9"
"www.apple.com","https://www.apple.com/",0,"Non-Compliant","NO_BANNER","N/A","Art. 13","Section 5"
"open.spotify.com","https://open.spotify.com/",100,"Compliant","","0.00","",""
"www.ebay.com","https://www.ebay.com/",0,"Non-Compliant","NO_BANNER","N/A","Art. 13","Section 5"
"edition.cnn.com","https://edition.cnn.com/",60,"Partially Compliant","DP-FA; DP-RM","1.00","Art. 7(3); Art. 7(3)","Section 6, 9; Section 6, 9"
"www.theguardian.com","https://www.theguardian.com/europe",0,"Non-Compliant","NO_BANNER","N/A","Art. 13","Section 5"
